X,Y,Z,Distance (meters)
596180.6012,5454457.303,62.01614761,0
596180.6495,5454457.296,62.01614761,0.049041435
596180.6978,5454457.289,62.01614761,0.098082869
596180.7461,5454457.282,62.01614761,0.147124304
596180.7944,5454457.275,62.01614761,0.196165739
596180.8426,5454457.268,62.01614761,0.245207173
596180.8909,5454457.261,62.01614761,0.294248608
596180.9392,5454457.254,62.01614761,0.343290043
596180.9875,5454457.247,62.01614761,0.392331478
596181.0358,5454457.24,62.01614761,0.441372912
596181.084,5454457.233,62.01614761,0.490414347
596181.1323,5454457.226,62.01614761,0.539455782
596181.1806,5454457.219,62.01614761,0.588497216
596181.2289,5454457.212,62.01614761,0.637538651
596181.2772,5454457.205,62.01614761,0.686580086
596181.3254,5454457.198,62.01614761,0.73562152
596181.3737,5454457.191,62.01614761,0.784662955
596181.422,5454457.184,62.01614761,0.83370439
596181.4703,5454457.178,62.01614761,0.882745824
596181.5186,5454457.171,62.01614761,0.931787259
596181.5668,5454457.164,62.01614761,0.980828694
596181.6151,5454457.157,62.01614761,1.029870128
596181.6634,5454457.15,62.01614761,1.078911563
596181.7117,5454457.143,62.01614761,1.127952998
596181.76,5454457.136,62.01614761,1.176994433
596181.8082,5454457.129,62.01614761,1.226035867
596181.8565,5454457.122,62.01614761,1.275077302
596181.9048,5454457.115,62.01614761,1.324118737
596181.9531,5454457.108,62.01614761,1.373160171
596182.0014,5454457.101,62.01614761,1.422201606
596182.0496,5454457.094,62.01614761,1.471243041
596182.0979,5454457.087,62.01614761,1.520284475
596182.1462,5454457.08,62.01614761,1.56932591
596182.1945,5454457.073,62.01614761,1.618367345
596182.2428,5454457.066,62.01614761,1.667408779
596182.291,5454457.059,62.01614761,1.716450214
596182.3393,5454457.052,62.01614761,1.765491649
596182.3876,5454457.045,62.01614761,1.814533084
596182.4359,5454457.038,62.01614761,1.863574518
596182.4842,5454457.031,62.01614761,1.912615953
596182.5324,5454457.024,62.01614761,1.961657388
596182.5807,5454457.017,62.01614761,2.010698822
596182.629,5454457.01,62.01614761,2.059740257
596182.6773,5454457.003,62.01614761,2.108781692
596182.7256,5454456.996,62.01614761,2.157823126
596182.7738,5454456.989,62.01614761,2.206864561
596182.8221,5454456.982,62.01614761,2.255905996
596182.8704,5454456.976,62.01614761,2.30494743
596182.9187,5454456.969,62.01614761,2.353988865
596182.967,5454456.962,62.01614761,2.4030303
596183.0152,5454456.955,62.01614761,2.452071735
596183.0635,5454456.948,62.01614761,2.501113169
596183.1118,5454456.941,62.01614761,2.550154604
596183.1601,5454456.934,62.01614761,2.599196039
596183.2084,5454456.927,62.01614761,2.648237473
596183.2566,5454456.92,62.01614761,2.697278908
596183.3049,5454456.913,62.01614761,2.746320343
596183.3532,5454456.906,62.01614761,2.795361777
596183.4015,5454456.899,62.01614761,2.844403212
596183.4498,5454456.892,62.01614761,2.893444647
596183.498,5454456.885,62.01614761,2.942486081
596183.5463,5454456.878,62.01614761,2.991527516
596183.5946,5454456.871,62.01614761,3.040568951
596183.6429,5454456.864,62.01614761,3.089610385
596183.6912,5454456.857,62.01614761,3.13865182
596183.7394,5454456.85,62.01614761,3.187693255
596183.7877,5454456.843,62.01614761,3.23673469
596183.836,5454456.836,62.01614761,3.285776124
596183.8843,5454456.829,62.01614761,3.334817559
596183.9326,5454456.822,62.01614761,3.383858994
596183.9808,5454456.815,62.01614761,3.432900428
596184.0291,5454456.808,62.01614761,3.481941863
596184.0774,5454456.801,62.01614761,3.530983298
596184.1257,5454456.794,62.01614761,3.580024732
596184.174,5454456.787,62.01614761,3.629066167
596184.2222,5454456.78,62.01614761,3.678107602
596184.2705,5454456.774,62.01614761,3.727149036
596184.3188,5454456.767,62.01614761,3.776190471
596184.3671,5454456.76,62.01614761,3.825231906
596184.4154,5454456.753,62.01614761,3.874273341
596184.4636,5454456.746,62.01614761,3.923314775
596184.5119,5454456.739,62.01614761,3.97235621
596184.5602,5454456.732,62.01614761,4.021397645
596184.6085,5454456.725,62.01614761,4.070439079
596184.6567,5454456.718,62.01614761,4.119480514
596184.705,5454456.711,62.01614761,4.168521949
596184.7533,5454456.704,62.01614761,4.217563383
596184.8016,5454456.697,62.01614761,4.266604818
596184.8499,5454456.69,62.01614761,4.315646253
596184.8981,5454456.683,62.01614761,4.364687687
596184.9464,5454456.676,62.01614761,4.413729122
596184.9947,5454456.669,62.01614761,4.462770557
596185.043,5454456.662,62.01614761,4.511811991
596185.0913,5454456.655,62.01614761,4.560853426
596185.1395,5454456.648,62.01614761,4.609894861
596185.1878,5454456.641,62.01614761,4.658936296
596185.2361,5454456.634,62.01614761,4.70797773
596185.2844,5454456.627,62.01614761,4.757019165
596185.3327,5454456.62,62.01614761,4.8060606
596185.3809,5454456.613,62.01614761,4.855102034
596185.4292,5454456.606,62.01614761,4.904143469
596185.4775,5454456.599,62.01614761,4.953184904
596185.5258,5454456.592,62.01614761,5.002226338
596185.5741,5454456.585,62.01614761,5.051267773
596185.6223,5454456.578,62.01614761,5.100309208
596185.6706,5454456.572,62.01263428,5.149350642
596185.7189,5454456.565,62.01156616,5.198392077
596185.7672,5454456.558,62.01252747,5.247433512
596185.8155,5454456.551,62.0128212,5.296474947
596185.8637,5454456.544,62.01436615,5.345516381
596185.912,5454456.537,62.01586914,5.394557816
596185.9603,5454456.53,62.01823807,5.443599251
596186.0086,5454456.523,62.02065277,5.492640685
596186.0569,5454456.516,62.02257538,5.54168212
596186.1051,5454456.509,62.02438354,5.590723555
596186.1534,5454456.502,62.02542877,5.639764989
596186.2017,5454456.495,62.02809143,5.688806424
596186.25,5454456.488,62.03062057,5.737847859
596186.2983,5454456.481,62.03223038,5.786889293
596186.3465,5454456.474,62.03451157,5.835930728
596186.3948,5454456.467,62.03590775,5.884972163
596186.4431,5454456.46,62.03846359,5.934013598
596186.4914,5454456.453,62.04022217,5.983055032
596186.5397,5454456.446,62.04225922,6.032096467
596186.5879,5454456.439,62.04423904,6.081137902
596186.6362,5454456.432,62.04601669,6.130179336
596186.6845,5454456.425,62.04795456,6.179220771
596186.7328,5454456.418,62.04997635,6.228262206
596186.7811,5454456.411,62.05237198,6.27730364
596186.8293,5454456.404,62.05444336,6.326345075
596186.8776,5454456.397,62.05607224,6.37538651
596186.9259,5454456.39,62.05809021,6.424427944
596186.9742,5454456.383,62.05932617,6.473469379
596187.0225,5454456.376,62.06054688,6.522510814
596187.0707,5454456.37,62.06148529,6.571552248
596187.119,5454456.363,62.06244659,6.620593683
596187.1673,5454456.356,62.06244659,6.669635118
596187.2156,5454456.349,62.06410599,6.718676553
596187.2639,5454456.342,62.06510925,6.767717987
596187.3121,5454456.335,62.06624603,6.816759422
596187.3604,5454456.328,62.06764984,6.865800857
596187.4087,5454456.321,62.0690918,6.914842291
596187.457,5454456.314,62.07151794,6.963883726
596187.5053,5454456.307,62.07426453,7.012925161
596187.5535,5454456.3,62.07937622,7.061966595
596187.6018,5454456.293,62.08219147,7.11100803
596187.6501,5454456.286,62.08463669,7.160049465
596187.6984,5454456.279,62.08689499,7.209090899
596187.7467,5454456.272,62.0887146,7.258132334
596187.7949,5454456.265,62.09085464,7.307173769
596187.8432,5454456.258,62.09263229,7.356215204
596187.8915,5454456.251,62.0971756,7.405256638
596187.9398,5454456.244,62.09990311,7.454298073
596187.9881,5454456.237,62.10279465,7.503339508
596188.0363,5454456.23,62.10509872,7.552380942
596188.0846,5454456.223,62.10704041,7.601422377
596188.1329,5454456.216,62.1088829,7.650463812
596188.1812,5454456.209,62.11048126,7.699505246
596188.2295,5454456.202,62.11580658,7.748546681
596188.2777,5454456.195,62.11749268,7.797588116
596188.326,5454456.188,62.11910248,7.84662955
596188.3743,5454456.181,62.12042618,7.895670985
596188.4226,5454456.174,62.12120438,7.94471242
596188.4709,5454456.167,62.12264633,7.993753854
596188.5191,5454456.161,62.12335587,8.042795289
596188.5674,5454456.154,62.12759018,8.091836724
596188.6157,5454456.147,62.12805176,8.140878159
596188.664,5454456.14,62.12882996,8.189919593
596188.7123,5454456.133,62.12966537,8.238961028
596188.7605,5454456.126,62.13030243,8.288002463
596188.8088,5454456.119,62.13116837,8.337043897
596188.8571,5454456.112,62.13185883,8.386085332
596188.9054,5454456.105,62.13578415,8.435126767
596188.9537,5454456.098,62.13661194,8.484168201
596189.0019,5454456.091,62.13750839,8.533209636
596189.0502,5454456.084,62.13884354,8.582251071
596189.0985,5454456.077,62.1397934,8.631292505
596189.1468,5454456.07,62.1411705,8.68033394
596189.1951,5454456.063,62.14316559,8.729375375
596189.2433,5454456.056,62.14923477,8.77841681
596189.2916,5454456.049,62.15187073,8.827458244
596189.3399,5454456.042,62.15414429,8.876499679
596189.3882,5454456.035,62.15581894,8.925541114
596189.4365,5454456.028,62.15858459,8.974582548
596189.4847,5454456.021,62.16065598,9.023623983
596189.533,5454456.014,62.16309738,9.072665418
596189.5813,5454456.007,62.17111206,9.121706852
596189.6296,5454456,62.17111206,9.170748287
596189.6779,5454455.993,62.17347336,9.219789722
596189.7261,5454455.986,62.17600632,9.268831156
596189.7744,5454455.979,62.17945099,9.317872591
596189.8227,5454455.972,62.18182755,9.366914026
596189.871,5454455.965,62.18575668,9.415955461
596189.9193,5454455.959,62.19488525,9.464996895
596189.9675,5454455.952,62.19891739,9.51403833
596190.0158,5454455.945,62.2075386,9.563079765
596190.0641,5454455.938,62.2116394,9.612121199
596190.1124,5454455.931,62.21583557,9.661162634
596190.1607,5454455.924,62.2202301,9.710204069
596190.2089,5454455.917,62.22476196,9.759245503
596190.2572,5454455.91,62.23367691,9.808286938
596190.3055,5454455.903,62.23755646,9.857328373
596190.3538,5454455.896,62.24061966,9.906369807
596190.4021,5454455.889,62.24544907,9.955411242
596190.4503,5454455.882,62.2477951,10.00445268
596190.4986,5454455.875,62.25136566,10.05349411
596190.5469,5454455.868,62.25495529,10.10253555
596190.5952,5454455.861,62.26380539,10.15157698
596190.6435,5454455.854,62.26678848,10.20061842
596190.6917,5454455.847,62.27051544,10.24965985
596190.74,5454455.84,62.27488708,10.29870128
596190.7883,5454455.833,62.27840805,10.34774272
596190.8366,5454455.826,62.27840805,10.39678415
596190.8849,5454455.819,62.28328323,10.44582559
596190.9331,5454455.812,62.29446411,10.49486702
596190.9814,5454455.805,62.29921341,10.54390846
596191.0297,5454455.798,62.30284119,10.59294989
596191.078,5454455.791,62.30643845,10.64199133
596191.1263,5454455.784,62.31174088,10.69103276
596191.1745,5454455.777,62.3157196,10.7400742
596191.2228,5454455.77,62.32120895,10.78911563
596191.2711,5454455.763,62.33563995,10.83815707
596191.3194,5454455.757,62.33982086,10.8871985
596191.3677,5454455.75,62.3430481,10.93623994
596191.4159,5454455.743,62.34656143,10.98528137
596191.4642,5454455.736,62.35055923,11.03432281
596191.5125,5454455.729,62.35429764,11.08336424
596191.5608,5454455.722,62.35694504,11.13240567
596191.6091,5454455.715,62.3605957,11.18144711
596191.6573,5454455.708,62.37145996,11.23048854
596191.7056,5454455.701,62.37438202,11.27952998
596191.7539,5454455.694,62.37729263,11.32857141
596191.8022,5454455.687,62.37934113,11.37761285
596191.8505,5454455.68,62.3828392,11.42665428
596191.8987,5454455.673,62.38640213,11.47569572
596191.947,5454455.666,62.3897934,11.52473715
596191.9953,5454455.659,62.40044785,11.57377859
596192.0436,5454455.652,62.40280151,11.62282002
596192.0919,5454455.645,62.40779495,11.67186146
596192.1401,5454455.638,62.41127014,11.72090289
596192.1884,5454455.631,62.41515732,11.76994433
596192.2367,5454455.624,62.42008209,11.81898576
596192.285,5454455.617,62.42606354,11.8680272
596192.3333,5454455.61,62.43750381,11.91706863
596192.3815,5454455.603,62.44354248,11.96611006
596192.4298,5454455.596,62.44990921,12.0151515
596192.4781,5454455.589,62.45759201,12.06419293
596192.5264,5454455.582,62.46237946,12.11323437
596192.5747,5454455.575,62.46840286,12.1622758
596192.6229,5454455.568,62.4744873,12.21131724
596192.6712,5454455.561,62.48602676,12.26035867
596192.7195,5454455.555,62.48999786,12.30940011
596192.7678,5454455.548,62.49369812,12.35844154
596192.8161,5454455.541,62.49798203,12.40748298
596192.8643,5454455.534,62.50188828,12.45652441
596192.9126,5454455.527,62.50542831,12.50556585
596192.9609,5454455.52,62.51021957,12.55460728
596193.0092,5454455.513,62.52287292,12.60364872
596193.0575,5454455.506,62.5245285,12.65269015
596193.1057,5454455.499,62.52747345,12.70173158
596193.154,5454455.492,62.5292244,12.75077302
596193.2023,5454455.485,62.53182602,12.79981445
596193.2506,5454455.478,62.53182602,12.84885589
596193.2989,5454455.471,62.53308105,12.89789732
596193.3471,5454455.464,62.54395676,12.94693876
596193.3954,5454455.457,62.54574585,12.99598019
596193.4437,5454455.45,62.54666519,13.04502163
596193.492,5454455.443,62.54853439,13.09406306
596193.5403,5454455.436,62.54902649,13.1431045
596193.5885,5454455.429,62.55090332,13.19214593
596193.6368,5454455.422,62.55241013,13.24118737
596193.6851,5454455.415,62.56051636,13.2902288
596193.7334,5454455.408,62.56454086,13.33927024
596193.7816,5454455.401,62.56510544,13.38831167
596193.8299,5454455.394,62.56615448,13.43735311
596193.8782,5454455.387,62.56823349,13.48639454
596193.9265,5454455.38,62.57077026,13.53543597
596193.9748,5454455.373,62.57402039,13.58447741
596194.023,5454455.366,62.58522797,13.63351884
596194.0713,5454455.359,62.58950424,13.68256028
596194.1196,5454455.353,62.5929718,13.73160171
596194.1679,5454455.346,62.59764862,13.78064315
596194.2162,5454455.339,62.60348511,13.82968458
596194.2644,5454455.332,62.60741425,13.87872602
596194.3127,5454455.325,62.6128006,13.92776745
596194.361,5454455.318,62.62580872,13.97680889
596194.4093,5454455.311,62.63219452,14.02585032
596194.4576,5454455.304,62.6394577,14.07489176
596194.5058,5454455.297,62.64891434,14.12393319
596194.5541,5454455.29,62.65800476,14.17297463
596194.6024,5454455.283,62.66847229,14.22201606
596194.6507,5454455.276,62.68216324,14.27105749
596194.699,5454455.269,62.718647,14.32009893
596194.7472,5454455.262,62.7460022,14.36914036
596194.7955,5454455.255,62.77761841,14.4181818
596194.8438,5454455.248,62.81483841,14.46722323
596194.8921,5454455.241,62.85773849,14.51626467
596194.9404,5454455.234,62.92620087,14.5653061
596194.9886,5454455.227,62.99433517,14.61434754
596195.0369,5454455.22,63.12757492,14.66338897
596195.0852,5454455.213,63.20093155,14.71243041
596195.1335,5454455.206,63.25902939,14.76147184
596195.1818,5454455.199,63.31432343,14.81051328
596195.23,5454455.192,63.35878754,14.85955471
596195.2783,5454455.185,63.40039825,14.90859615
596195.3266,5454455.178,63.43264389,14.95763758
596195.3749,5454455.171,63.46425247,15.00667902
596195.4232,5454455.164,63.48613358,15.05572045
596195.4714,5454455.157,63.50138855,15.10476188
596195.5197,5454455.15,63.51678085,15.15380332
596195.568,5454455.144,63.52956009,15.20284475
596195.6163,5454455.137,63.53987885,15.25188619
596195.6646,5454455.13,63.54987717,15.30092762
596195.7128,5454455.123,63.55608368,15.34996906
596195.7611,5454455.116,63.55989075,15.39901049
596195.8094,5454455.109,63.56232071,15.44805193
596195.8577,5454455.102,63.56513214,15.49709336
596195.906,5454455.095,63.56613541,15.5461348
596195.9542,5454455.088,63.56750488,15.59517623
596196.0025,5454455.081,63.56978989,15.64421767
596196.0508,5454455.074,63.57078934,15.6932591
596196.0991,5454455.067,63.57409286,15.74230054
596196.1474,5454455.06,63.58080673,15.79134197
596196.1956,5454455.053,63.58568573,15.8403834
596196.2439,5454455.046,63.59262466,15.88942484
596196.2922,5454455.039,63.60010529,15.93846627
596196.3405,5454455.032,63.60900116,15.98750771
596196.3888,5454455.025,63.61744308,16.03654914
596196.437,5454455.018,63.61422348,16.08559058
596196.4853,5454455.011,63.62331772,16.13463201
596196.5336,5454455.004,63.63049316,16.18367345
596196.5819,5454454.997,63.61422348,16.23271488
596196.6302,5454454.99,63.62331772,16.28175632
596196.6784,5454454.983,63.63237381,16.33079775
596196.7267,5454454.976,63.64232254,16.37983919
596196.775,5454454.969,63.65084457,16.42888062
596196.8233,5454454.962,63.66356277,16.47792206
596196.8716,5454454.955,63.66356277,16.52696349
596196.9198,5454454.948,63.66030121,16.57600493
596196.9681,5454454.942,63.67140579,16.62504636
596197.0164,5454454.935,63.68386078,16.67408779
596197.0647,5454454.928,63.69921494,16.72312923
596197.113,5454454.921,63.71142197,16.77217066
596197.1612,5454454.914,63.72383118,16.8212121
596197.2095,5454454.907,63.73390198,16.87025353
596197.2578,5454454.9,63.73052216,16.91929497
596197.3061,5454454.893,63.74120712,16.9683364
596197.3544,5454454.886,63.75040054,17.01737784
596197.4026,5454454.879,63.76228333,17.06641927
596197.4509,5454454.872,63.77257156,17.11546071
596197.4992,5454454.865,63.78429794,17.16450214
596197.5475,5454454.858,63.79218674,17.21354358
596197.5958,5454454.851,63.79011154,17.26258501
596197.644,5454454.844,63.79901886,17.31162645
596197.6923,5454454.837,63.80926895,17.36066788
596197.7406,5454454.83,63.81692123,17.40970932
596197.7889,5454454.823,63.82645798,17.45875075
596197.8372,5454454.816,63.83483505,17.50779218
596197.8854,5454454.809,63.8433342,17.55683362
596197.9337,5454454.802,63.8428154,17.60587505
596197.982,5454454.795,63.85320663,17.65491649
596198.0303,5454454.788,63.86439133,17.70395792
596198.0786,5454454.781,63.87445068,17.75299936
596198.1268,5454454.774,63.88385773,17.80204079
596198.1751,5454454.767,63.89603806,17.85108223
596198.2234,5454454.76,63.90805817,17.90012366
596198.2717,5454454.753,63.91269302,17.9491651
596198.32,5454454.746,63.9296608,17.99820653
596198.3682,5454454.74,63.95058441,18.04724797
596198.4165,5454454.733,63.97399902,18.0962894
596198.4648,5454454.726,64.00126648,18.14533084
596198.5131,5454454.719,64.03142548,18.19437227
596198.5614,5454454.712,64.06271362,18.2434137
596198.6096,5454454.705,64.09013367,18.29245514
596198.6579,5454454.698,64.10072327,18.34149657
596198.7062,5454454.691,64.12613678,18.39053801
596198.7545,5454454.684,64.14897919,18.43957944
596198.8028,5454454.677,64.16912079,18.48862088
596198.851,5454454.67,64.18971252,18.53766231
596198.8993,5454454.663,64.20553589,18.58670375
596198.9476,5454454.656,64.22596741,18.63574518
596198.9959,5454454.649,64.22969818,18.68478662
596199.0442,5454454.642,64.2440033,18.73382805
596199.0924,5454454.635,64.25322723,18.78286949
596199.1407,5454454.628,64.25853729,18.83191092
596199.189,5454454.621,64.26248169,18.88095236
596199.2373,5454454.614,64.26811218,18.92999379
596199.2856,5454454.607,64.26811218,18.97903523
596199.3338,5454454.6,64.26966095,19.02807666
596199.3821,5454454.593,64.27485657,19.07711809
596199.4304,5454454.586,64.27809906,19.12615953
596199.4787,5454454.579,64.28009033,19.17520096
596199.527,5454454.572,64.28443146,19.2242424
596199.5752,5454454.565,64.28560638,19.27328383
596199.6235,5454454.558,64.2876358,19.32232527
596199.6718,5454454.551,64.28496552,19.3713667
596199.7201,5454454.544,64.28382111,19.42040814
596199.7684,5454454.538,64.28025818,19.46944957
596199.8166,5454454.531,64.2797699,19.51849101
596199.8649,5454454.524,64.27797699,19.56753244
596199.9132,5454454.517,64.27548218,19.61657388
596199.9615,5454454.51,64.27346802,19.66561531
596200.0098,5454454.503,64.2566452,19.71465675
596200.058,5454454.496,64.25167847,19.76369818
596200.1063,5454454.489,64.24800873,19.81273961
596200.1546,5454454.482,64.24261475,19.86178105
596200.2029,5454454.475,64.23967743,19.91082248
596200.2512,5454454.468,64.23708344,19.95986392
596200.2994,5454454.461,64.23391724,20.00890535
596200.3477,5454454.454,64.23025513,20.05794679
596200.396,5454454.447,64.22868347,20.10698822
596200.4443,5454454.44,64.22561646,20.15602966
596200.4926,5454454.433,64.22561646,20.20507109
596200.5408,5454454.426,64.22219086,20.25411253
596200.5891,5454454.419,64.21839905,20.30315396
596200.6374,5454454.412,64.21612549,20.3521954
596200.6857,5454454.405,64.20582581,20.40123683
596200.734,5454454.398,64.20506287,20.45027827
596200.7822,5454454.391,64.20506287,20.4993197
596200.8305,5454454.384,64.20582581,20.54836114
596200.8788,5454454.377,64.20713806,20.59740257
596200.9271,5454454.37,64.20838928,20.646444
596200.9754,5454454.363,64.2117691,20.69548544
596201.0236,5454454.356,64.20874786,20.74452687
596201.0719,5454454.349,64.21552277,20.79356831
596201.1202,5454454.342,64.21975708,20.84260974
596201.1685,5454454.335,64.22709656,20.89165118
596201.217,5454454.335,64.23318481,20.94067754
596201.2655,5454454.334,64.24080658,20.98970391
596201.314,5454454.334,64.24887085,21.03873027
596201.3625,5454454.333,64.25667572,21.08775663
596201.411,5454454.333,64.26451874,21.136783
596201.4595,5454454.332,64.27496338,21.18580936
596201.508,5454454.332,64.28887177,21.23483573
596201.5565,5454454.331,64.30632782,21.28386209
596201.605,5454454.331,64.32512665,21.33288845
596201.6535,5454454.33,64.3483429,21.38191482
596201.702,5454454.329,64.37443542,21.43094118
596201.7505,5454454.329,64.40155029,21.47996755
596201.799,5454454.328,64.43239594,21.52899391
596201.8475,5454454.328,64.47447968,21.57802027
596201.896,5454454.327,64.50352478,21.62704664
596201.9445,5454454.327,64.51931763,21.676073
596201.993,5454454.326,64.52850342,21.72509936
596202.0415,5454454.326,64.53716278,21.77412573
596202.09,5454454.325,64.54279327,21.82315209
596202.1385,5454454.325,64.54705811,21.87217846
596202.187,5454454.324,64.5499649,21.92120482
596202.2355,5454454.323,64.55467224,21.97023118
596202.284,5454454.323,64.55541992,22.01925755
596202.3325,5454454.322,64.55741882,22.06828391
596202.381,5454454.322,64.55741882,22.11731028
596202.4295,5454454.321,64.55541992,22.16633664
596202.478,5454454.321,64.55409241,22.215363
596202.5265,5454454.32,64.54871368,22.26438937
596202.575,5454454.32,64.54071045,22.31341573
596202.6235,5454454.319,64.51539612,22.3624421
596202.672,5454454.318,64.48584747,22.41146846
596202.7205,5454454.318,64.44844818,22.46049482
596202.769,5454454.317,64.4145813,22.50952119
596202.8174,5454454.317,64.38584137,22.55854755
596202.8659,5454454.316,64.3624115,22.60757392
596202.9144,5454454.316,64.33311462,22.65660028
596202.9629,5454454.315,64.30794525,22.70562664
596203.0114,5454454.315,64.28917694,22.75465301
596203.0599,5454454.314,64.26864624,22.80367937
596203.1084,5454454.314,64.24971771,22.85270574
596203.1569,5454454.313,64.2361145,22.9017321
596203.2054,5454454.312,64.22935486,22.95075846
596203.2539,5454454.312,64.22499084,22.99978483
596203.3024,5454454.311,64.2212677,23.04881119
596203.3509,5454454.311,64.21858978,23.09783756
596203.3994,5454454.31,64.21356964,23.14686392
596203.4479,5454454.31,64.21356964,23.19589028
596203.4964,5454454.309,64.20956421,23.24491665
596203.5449,5454454.309,64.20083618,23.29394301
596203.5934,5454454.308,64.19271851,23.34296938
596203.6419,5454454.308,64.18331146,23.39199574
596203.6904,5454454.307,64.17100525,23.4410221
596203.7389,5454454.306,64.16014099,23.49004847
596203.7874,5454454.306,64.14969635,23.53907483
596203.8359,5454454.305,64.13924408,23.58810119
596203.8844,5454454.305,64.12696075,23.63712756
596203.9329,5454454.304,64.11391449,23.68615392
596203.9814,5454454.304,64.09063721,23.73518029
596204.0299,5454454.303,64.06555939,23.78420665
596204.0784,5454454.303,64.04161072,23.83323301
596204.1269,5454454.302,64.01828766,23.88225938
596204.1754,5454454.301,64.01049805,23.93128574
596204.2239,5454454.301,64.00792694,23.98031211
596204.2724,5454454.3,64.00701904,24.02933847
596204.3209,5454454.3,64.00615692,24.07836483
596204.3694,5454454.299,64.00613403,24.1273912
596204.4179,5454454.299,64.00613403,24.17641756
596204.4664,5454454.298,64.00615692,24.22544393
596204.5149,5454454.298,64.00701904,24.27447029
596204.5634,5454454.297,64.00792694,24.32349665
596204.6119,5454454.297,64.01006317,24.37252302
596204.6604,5454454.296,64.01264954,24.42154938
596204.7089,5454454.295,64.01894379,24.47057575
596204.7574,5454454.295,64.03798676,24.51960211
596204.8059,5454454.294,64.05545044,24.56862847
596204.8544,5454454.294,64.0759201,24.61765484
596204.9029,5454454.293,64.0835495,24.6666812
596204.9514,5454454.293,64.08838654,24.71570757
596204.9999,5454454.292,64.09079742,24.76473393
596205.0484,5454454.292,64.09197998,24.81376029
596205.0969,5454454.291,64.09247589,24.86278666
596205.1454,5454454.291,64.09454346,24.91181302
596205.1939,5454454.29,64.09475708,24.96083939
596205.2424,5454454.289,64.09475708,25.00986575
596205.2909,5454454.289,64.09475708,25.05889211
596205.3394,5454454.288,64.09454346,25.10791848
596205.3879,5454454.288,64.09247589,25.15694484
596205.4364,5454454.287,64.09112549,25.2059712
596205.4849,5454454.287,64.0835495,25.25499757
596205.5334,5454454.286,64.06691742,25.30402393
596205.5819,5454454.286,64.04652405,25.3530503
596205.6304,5454454.285,64.030159,25.40207666
596205.6789,5454454.284,64.01895905,25.45110302
596205.7274,5454454.284,64.01431274,25.50012939
596205.7759,5454454.283,64.01106262,25.54915575
596205.8244,5454454.283,64.00933838,25.59818212
596205.8729,5454454.282,64.00842285,25.64720848
596205.9214,5454454.282,64.00842285,25.69623484
596205.9699,5454454.281,64.00842285,25.74526121
596206.0184,5454454.281,64.00863647,25.79428757
596206.0669,5454454.28,64.00933838,25.84331394
596206.1154,5454454.28,64.00960541,25.8923403
596206.1639,5454454.279,64.01106262,25.94136666
596206.2124,5454454.278,64.01213074,25.99039303
596206.2609,5454454.278,64.01431274,26.03941939
596206.3094,5454454.277,64.01816559,26.08844576
596206.3579,5454454.277,64.02336884,26.13747212
596206.4064,5454454.276,64.02799225,26.18649848
596206.4549,5454454.276,64.03242493,26.23552485
596206.5034,5454454.275,64.03652954,26.28455121
596206.5519,5454454.275,64.04122925,26.33357758
596206.6004,5454454.274,64.04574585,26.38260394
596206.6489,5454454.273,64.05027008,26.4316303
596206.6974,5454454.273,64.05460358,26.48065667
596206.7459,5454454.272,64.05938721,26.52968303
596206.7944,5454454.272,64.06377411,26.5787094
596206.8429,5454454.271,64.06824493,26.62773576
596206.8914,5454454.271,64.07366943,26.67676212
596206.9399,5454454.27,64.07911682,26.72578849
596206.9884,5454454.27,64.0861969,26.77481485
596207.0369,5454454.269,64.0931778,26.82384121
596207.0854,5454454.269,64.09972382,26.87286758
596207.1339,5454454.268,64.10801697,26.92189394
596207.1824,5454454.267,64.11640167,26.97092031
596207.2309,5454454.267,64.12682343,27.01994667
596207.2794,5454454.266,64.13833618,27.06897303
596207.3279,5454454.266,64.14816284,27.1179994
596207.3764,5454454.265,64.15904236,27.16702576
596207.4249,5454454.265,64.17110443,27.21605213
596207.4734,5454454.264,64.18083191,27.26507849
596207.5219,5454454.264,64.19537354,27.31410485
596207.5704,5454454.263,64.20144653,27.36313122
596207.6189,5454454.263,64.21268463,27.41215758
596207.6674,5454454.262,64.22045898,27.46118395
596207.7159,5454454.261,64.23006439,27.51021031
596207.7644,5454454.261,64.24401855,27.55923667
596207.8129,5454454.26,64.2492981,27.60826304
596207.8614,5454454.26,64.25234985,27.6572894
596207.9099,5454454.259,64.25624847,27.70631577
596207.9584,5454454.259,64.25930023,27.75534213
596208.0069,5454454.258,64.26203918,27.80436849
596208.0554,5454454.258,64.26468658,27.85339486
596208.1039,5454454.257,64.26764679,27.90242122
596208.1524,5454454.256,64.26764679,27.95144759
596208.2009,5454454.256,64.26928711,28.00047395
596208.2494,5454454.255,64.27119446,28.04950031
596208.2979,5454454.255,64.27354431,28.09852668
596208.3464,5454454.254,64.27462006,28.14755304
596208.3949,5454454.254,64.27625275,28.19657941
596208.4434,5454454.253,64.27867126,28.24560577
596208.4919,5454454.253,64.2800827,28.29463213
596208.5404,5454454.252,64.2819519,28.3436585
596208.5889,5454454.252,64.28330994,28.39268486
596208.6374,5454454.251,64.28526306,28.44171122
596208.6859,5454454.25,64.28747559,28.49073759
596208.7344,5454454.25,64.28957367,28.53976395
596208.7829,5454454.249,64.29216766,28.58879032
596208.8314,5454454.249,64.29555511,28.63781668
596208.8799,5454454.248,64.29842377,28.68684304
596208.9284,5454454.248,64.30325317,28.73586941
596208.9769,5454454.247,64.30828094,28.78489577
596209.0254,5454454.247,64.31227875,28.83392214
596209.0739,5454454.246,64.31797028,28.8829485
596209.1224,5454454.246,64.3271637,28.93197486
596209.1709,5454454.245,64.33857727,28.98100123
596209.2194,5454454.244,64.36694336,29.03002759
596209.2679,5454454.244,64.45811462,29.07905396
596209.3164,5454454.243,65.40759277,29.12808032
596209.3649,5454454.243,65.45282745,29.17710668
596209.4134,5454454.242,65.53520966,29.22613305
596209.4619,5454454.242,65.63265228,29.27515941
596209.5103,5454454.241,65.72327423,29.32418578
596209.5588,5454454.241,65.79309845,29.37321214
596209.6073,5454454.24,65.82072449,29.4222385
596209.6558,5454454.239,65.84127045,29.47126487
596209.7043,5454454.239,65.84715271,29.52029123
596209.7528,5454454.238,65.85044861,29.5693176
596209.8013,5454454.238,65.85594177,29.61834396
596209.8498,5454454.237,65.85910034,29.66737032
596209.8983,5454454.237,65.85918427,29.71639669
596209.9468,5454454.236,65.85918427,29.76542305
596209.9953,5454454.236,65.85594177,29.81444942
596210.0438,5454454.235,65.84236145,29.86347578
596210.0923,5454454.235,65.82376099,29.91250214
596210.1408,5454454.234,65.80033875,29.96152851
596210.1893,5454454.233,65.73521423,30.01055487
596210.2378,5454454.233,65.66445923,30.05958123
596210.2863,5454454.232,65.60491943,30.1086076
596210.3348,5454454.232,65.55249786,30.15763396
596210.3833,5454454.231,65.5149231,30.20666033
596210.4318,5454454.231,65.46083069,30.25568669
596210.4803,5454454.23,65.4355545,30.30471305
596210.5288,5454454.23,65.4116745,30.35373942
596210.5773,5454454.229,65.38381958,30.40276578
596210.6258,5454454.229,65.34874725,30.45179215
596210.6743,5454454.228,65.31695557,30.50081851
596210.7228,5454454.227,65.2932663,30.54984487
596210.7713,5454454.227,65.26845551,30.59887124
596210.8198,5454454.226,65.23819733,30.6478976
596210.8683,5454454.226,65.20341492,30.69692397
596210.9168,5454454.225,65.17805481,30.74595033
596210.9653,5454454.225,65.13964844,30.79497669
596211.0138,5454454.224,65.11433411,30.84400306
596211.0623,5454454.224,65.07201385,30.89302942
596211.1108,5454454.223,65.0085144,30.94205579
596211.1593,5454454.222,64.9622345,30.99108215
596211.2078,5454454.222,64.91831207,31.04010851
596211.2563,5454454.221,64.88007355,31.08913488
596211.3048,5454454.221,64.85027313,31.13816124
596211.3533,5454454.22,64.82288361,31.18718761
596211.4018,5454454.22,64.80210876,31.23621397
596211.4503,5454454.219,64.78981018,31.28524033
596211.4988,5454454.219,64.783638,31.3342667
596211.5473,5454454.218,64.77404022,31.38329306
596211.5958,5454454.218,64.76806641,31.43231943
596211.6443,5454454.217,64.76441956,31.48134579
596211.6928,5454454.216,64.76213074,31.53037215
596211.7413,5454454.216,64.76011658,31.57939852
596211.7898,5454454.215,64.75902557,31.62842488
596211.8383,5454454.215,64.7589798,31.67745124
596211.8868,5454454.214,64.7576828,31.72647761
596211.9353,5454454.214,64.75653839,31.77550397
596211.9838,5454454.213,64.75650024,31.82453034
596212.0323,5454454.213,64.7563324,31.8735567
596212.0808,5454454.212,64.7563324,31.92258306
596212.1293,5454454.211,64.77106476,31.97160943
596212.1778,5454454.211,64.77404022,32.02063579
596212.2263,5454454.21,64.77565002,32.06966216
596212.2748,5454454.21,64.7783432,32.11868852
596212.3233,5454454.209,64.78067017,32.16771488
596212.3718,5454454.209,64.78392029,32.21674125
596212.4203,5454454.208,64.78961945,32.26576761
596212.4688,5454454.208,64.79502106,32.31479398
596212.5173,5454454.207,64.79745483,32.36382034
596212.5658,5454454.207,64.80430603,32.4128467
596212.6143,5454454.206,64.81184387,32.46187307
596212.6628,5454454.205,64.81659698,32.51089943
596212.7113,5454454.205,64.82371521,32.5599258
596212.7598,5454454.204,64.82879639,32.60895216
596212.8083,5454454.204,64.8360672,32.65797852
596212.8568,5454454.203,64.8360672,32.70700489
596212.9053,5454454.203,64.84184265,32.75603125
596212.9538,5454454.202,64.8503952,32.80505762
596213.0023,5454454.202,64.85734558,32.85408398
596213.0508,5454454.201,64.86579895,32.90311034
596213.0993,5454454.201,64.87136078,32.95213671
596213.1478,5454454.2,64.87934875,33.00116307
596213.1963,5454454.199,64.88567352,33.05018944
596213.2448,5454454.199,64.89582825,33.0992158
596213.2933,5454454.198,64.90517426,33.14824216
596213.3418,5454454.198,64.91414642,33.19726853
596213.3903,5454454.197,64.92336273,33.24629489
596213.4388,5454454.197,64.93395233,33.29532125
596213.4873,5454454.196,64.94167328,33.34434762
596213.5358,5454454.196,64.95559692,33.39337398
596213.5843,5454454.195,64.96769714,33.44240035
596213.6328,5454454.194,64.9849472,33.49142671
596213.6813,5454454.194,64.9949646,33.54045307
596213.7298,5454454.193,65.0089798,33.58947944
596213.7783,5454454.193,65.02960205,33.6385058
596213.8268,5454454.192,65.04069519,33.68753217
596213.8753,5454454.192,65.0603714,33.73655853
596213.9238,5454454.191,65.08118439,33.78558489
596213.9723,5454454.191,65.09992218,33.83461126
596214.0208,5454454.19,65.11569214,33.88363762
596214.0693,5454454.19,65.13502502,33.93266399
596214.1178,5454454.189,65.14691162,33.98169035
596214.1663,5454454.188,65.1628418,34.03071671
596214.2148,5454454.188,65.17224884,34.07974308
596214.2633,5454454.187,65.18093109,34.12876944
596214.3118,5454454.187,65.18740845,34.17779581
596214.3603,5454454.186,65.19352722,34.22682217
596214.4088,5454454.186,65.19883728,34.27584853
596214.4573,5454454.185,65.19969177,34.3248749
596214.5058,5454454.185,65.20041656,34.37390126
596214.5543,5454454.184,65.20168304,34.42292763
596214.6028,5454454.184,65.20185852,34.47195399
596214.6513,5454454.183,65.2035141,34.52098035
596214.6998,5454454.182,65.2059021,34.57000672
596214.7483,5454454.182,65.20779419,34.61903308
596214.7968,5454454.181,65.20927429,34.66805945
596214.8453,5454454.181,65.21164703,34.71708581
596214.8938,5454454.18,65.21405029,34.76611217
596214.9423,5454454.18,65.21588898,34.81513854
596214.9908,5454454.179,65.21820068,34.8641649
596215.0393,5454454.179,65.22052002,34.91319126
596215.0878,5454454.178,65.22342682,34.96221763
596215.1363,5454454.177,65.22733307,35.01124399
596215.1848,5454454.177,65.22979736,35.06027036
596215.2333,5454454.176,65.23252106,35.10929672
596215.2818,5454454.176,65.2361908,35.15832308
596215.3303,5454454.175,65.24046326,35.20734945
596215.3788,5454454.175,65.24543762,35.25637581
596215.4273,5454454.174,65.25627899,35.30540218
596215.4758,5454454.174,65.27474976,35.35442854
596215.5243,5454454.173,65.29640198,35.4034549
596215.5728,5454454.173,65.32032776,35.45248127
596215.6213,5454454.172,65.34586334,35.50150763
596215.6698,5454454.171,65.37232208,35.550534
596215.7183,5454454.171,65.39942169,35.59956036
596215.7668,5454454.17,65.42890167,35.64858672
596215.8153,5454454.17,65.45726776,35.69761309
596215.8638,5454454.169,65.48786163,35.74663945
596215.9123,5454454.169,65.5136795,35.79566582
596215.9608,5454454.168,65.54134369,35.84469218
596216.0093,5454454.168,65.56671906,35.89371854
596216.0578,5454454.167,65.59391022,35.94274491
596216.1063,5454454.167,65.61547089,35.99177127
596216.1548,5454454.166,65.63470459,36.04079764
596216.2033,5454454.165,65.65187836,36.089824
596216.2517,5454454.165,65.66891479,36.13885036
596216.3002,5454454.164,65.68263245,36.18787673
596216.3487,5454454.164,65.6967392,36.23690309
596216.3972,5454454.163,65.72212219,36.28592946
596216.4457,5454454.163,65.74167633,36.33495582
596216.4942,5454454.162,65.76728821,36.38398218
596216.5427,5454454.162,65.78833008,36.43300855
596216.5912,5454454.161,65.80982208,36.48203491
596216.6397,5454454.16,65.83087921,36.53106127
596216.6882,5454454.16,65.84733582,36.58008764
596216.7367,5454454.159,65.85956573,36.629114
596216.7852,5454454.159,65.87234497,36.67814037
596216.8337,5454454.158,65.87497711,36.72716673
596216.8822,5454454.158,65.88196564,36.77619309
596216.9307,5454454.157,66.03384399,36.82521946
596216.9792,5454454.157,66.96484375,36.87424582
596217.0277,5454454.156,66.97207642,36.92327219
596217.0762,5454454.156,66.97823334,36.97229855
596217.1247,5454454.155,66.99698639,37.02132491
596217.1732,5454454.154,67.00343323,37.07035128
596217.2217,5454454.154,67.00940704,37.11937764
596217.2702,5454454.153,67.01856995,37.16840401
596217.3187,5454454.153,67.02041626,37.21743037
596217.3672,5454454.152,67.01856995,37.26645673
596217.4157,5454454.152,67.01544952,37.3154831
596217.4642,5454454.151,67.00343323,37.36450946
596217.5127,5454454.151,67.00014496,37.41353583
596217.5612,5454454.15,67.00014496,37.46256219
596217.6097,5454454.149,66.99551392,37.51158855
596217.6582,5454454.149,66.98921204,37.56061492
596217.7067,5454454.148,66.98682404,37.60964128
596217.7552,5454454.148,66.98513794,37.65866765
596217.8037,5454454.147,66.98410034,37.70769401
596217.8522,5454454.147,66.9834671,37.75672037
596217.9007,5454454.146,66.9825058,37.80574674
596217.9492,5454454.146,66.98086548,37.8547731
596217.9977,5454454.145,66.97821045,37.90379947
596218.0462,5454454.145,66.97770691,37.95282583